{"actual_values": [1.2, 0.3, 2.3, 1.5, 1.4, 0.4, 1.3, 2.3, 1.5, 1.2, 2.0, 0.1, 0.2, 0.1, 0.3, 1.6, 2.2, 1.1, 1.3, 2.2, 0.2, 1.8, 0.4, 2.1, 2.0, 2.3, 1.8, 2.3, 0.3, 0.2], "predicted_values": [1.4320424903796767, 0.3181391392018732, 2.1169007076359643, 1.4192144729886502, 1.365296924646502, 0.18889720248499242, 1.225756784378472, 1.873320191443454, 1.1916247258476742, 1.223935088936729, 1.9558290470530062, 0.1275144085448945, 0.14914824339197463, 0.17019864012326358, 0.3439465038602566, 1.5484564097055313, 2.0908392142084375, 1.1935220862275822, 1.430928913336068, 1.9920102802007034, 0.2532642842546199, 1.8973815255982596, 0.27021681611277104, 1.9920102802007034, 2.296594781281825, 1.899051891163672, 1.9205834114785998, 2.1352694762903845, 0.1275144085448945, 0.21113684119805487]}